[
  {
    "browserName" : "firefox",
    "platform" : "OS X 10.11",
    "version": "59.0",
    "name": "firefox-latest-mac"
  },
  {
    "browserName" : "chrome",
    "platform" : "OS X 10.11",
    "timeZone": "Pacific",
    "version" : "65.0",
    "name": "chrome-latest-mac"
  },
  {
    "browserName" : "safari",
    "version" : "10.0",
    "platform" : "OS X 10.11",
    "timeZone": "Pacific",
    "name": "safari-10-mac"
  },
  {
    "deviceName": "iPhone 6 Simulator",
    "platformName": "iOS",
    "platformVersion": "11.2",
    "browserName": "Safari",
    "name": "ios-11-sim"
  },
  {
    "deviceName": "Android Emulator",
    "platformName": "Android",
    "platformVersion": "6.0",
    "browserName": "Chrome",
    "name": "android-6-sim"
  }
]
